job	sha	started	runner	conclusion	file_ms	file_failed	test_ms	status	retry	fail_locs
110068779575	afb911a3c8	2026-09-30T19:51:23Z	ecs-qwen-hk3-25	success	12767		-	not-listed		
110079066240	57e720bc97	2026-09-30T20:17:41Z	ecs-qwen-hk3-9	success	12651		-	not-listed		
110147363389	c434de715e	2026-09-30T23:39:05Z	ecs-qwen-hk4-1	success	15484		301	pass		
110155251562	6b66321a5a	2026-10-01T00:08:49Z	ecs-qwen-hk5-31	success	13706		-	not-listed		
110184883402	937ed13a15	2026-10-01T02:05:59Z	ecs-qwen-hk3-13	success	12790		-	not-listed		
110198788318	310f4ba3ab	2026-10-01T03:03:33Z	ecs-qwen-hk3-15	success	13123		-	not-listed		
110218359833	a4bf0026c0	2026-10-01T04:26:17Z	ecs-qwen-hk4-29	success	14119		-	not-listed		
110224880641	339bdeb013	2026-10-01T04:54:01Z	ecs-qwen-hk4-7	success	14110		-	not-listed		
110231600768	0a4bed5c9f	2026-10-01T05:22:15Z	ecs-qwen-hk4-18	success	13578		-	not-listed		
110238521784	ed2af75c20	2026-10-01T05:50:35Z	ecs-qwen-hk5-21	success	14067		-	not-listed		
110247496473	dda0e71af6	2026-10-01T06:25:00Z	ecs-qwen-hk4-2	success	16303		321	pass		
110258827304	6310dd38d5	2026-10-01T07:05:02Z	ecs-qwen-hk3-5	success	14031		-	not-listed		
110269052899	93efe3558a	2026-10-01T07:39:01Z	ecs-qwen-hk4-5	success	29273		381	pass		
110294812476	f3bf699476	2026-10-01T08:56:18Z	ecs-qwen-hk3-5	success	13230		-	not-listed		
110304175025	e083d6a6b8	2026-10-01T09:22:57Z	ecs-qwen-hk3-8	success	19807		-	not-listed		
110313706392	0a5f518b4f	2026-10-01T09:49:55Z	ecs-qwen-hk5-32	success	20780		-	not-listed		
110432031704	89eb3a7ba9	2026-10-01T15:00:41Z	ecs-qwen-hk5-23	success	20572		312	pass		
110457347016	05f4fd8952	2026-10-01T15:57:58Z	ecs-qwen-hk4-10	success	20864		-	not-listed		
110482353820	728c13de21	2026-10-01T16:57:21Z	ecs-qwen-hk4-6	success	21774		-	not-listed		
110500536052	a7deb01bcb	2026-10-01T17:41:19Z	ecs-qwen-hk3-29	success	21468		-	not-listed		
110650836971	fc800f15a4	2026-10-02T00:36:43Z	ecs-qwen-hk3-13	success	22246		-	not-listed		
110658377660	3f56f74a6a	2026-10-02T01:05:59Z	ecs-qwen-hk5-24	success	39692		-	not-listed		
110665885633	de2612434a	2026-10-02T01:36:11Z	ecs-qwen-hk4-10	success	34724		-	not-listed		
110689335822	8eaaa1355c	2026-10-02T03:15:19Z	ecs-qwen-hk4-25	success	36346		-	not-listed		
110695407846	47463b79a7	2026-10-02T03:42:10Z	ecs-qwen-hk5-7	success	40093		-	not-listed		
110723806487	e1167c1f9c	2026-10-02T05:49:42Z	ecs-qwen-hk4-2	success	68545		312	pass		
110730619029	5fca3be759	2026-10-02T06:18:58Z	ecs-qwen-hk5-25	success	38906		-	not-listed		
110737304987	fc50ac654c	2026-10-02T06:46:24Z	ecs-qwen-hk5-8	success	38023		-	not-listed		
110744383107	d5c22d336b	2026-10-02T07:14:08Z	ecs-qwen-hk4-9	success	38135		-	not-listed		
110795356616	c5b0e1f37f	2026-10-02T10:06:58Z	ecs-qwen-hk5-4	success	46081		318	pass		
110806058523	7b500e4cb2	2026-10-02T10:43:35Z	ecs-qwen-hk4-1	success	37738		-	not-listed		
110814822011	9478f28731	2026-10-02T11:13:55Z	ecs-qwen-hk4-2	success	63273		322	pass		
110836057414	b3dda468f2	2026-10-02T12:25:07Z	ecs-qwen-hk4-31	failure	42273		-	not-listed		
110874631166	fb843d6ce7	2026-10-02T14:13:13Z	ecs-qwen-hk3-22	success	39623		-	not-listed		
110889825808	354ae9292d	2026-10-02T14:51:23Z	ecs-qwen-hk3-4	success	46161		-	not-listed		
110904716468	c15dd268c0	2026-10-02T15:28:19Z	ecs-qwen-hk5-13	success	128385		322	pass		
110922847850	f5c9bf8a6a	2026-10-02T16:14:43Z	ecs-qwen-hk3-6	success	41276		-	not-listed		
110941942933	3c2ca651f4	2026-10-02T17:05:24Z	ecs-qwen-hk5-5	success	43311		-	not-listed		
110971419381	1abccdb26a	2026-10-02T18:24:21Z	ecs-qwen-hk5-26	success	42871		-	not-listed		
110993073388	a011f66944	2026-10-02T19:22:41Z	ecs-qwen-hk4-3	success	41128		-	not-listed		
111075818352	6761ae8932	2026-10-02T23:47:33Z	ecs-qwen-hk3-6	success	100684		337	pass		
111082858953	aa03e7a542	2026-10-03T00:18:40Z	ecs-qwen-hk4-5	success	38135		-	not-listed		
111089184155	fa795e0232	2026-10-03T00:48:40Z	ecs-qwen-hk4-32	success	42027		-	not-listed		
111096362074	e8cb82bb1b	2026-10-03T01:25:11Z	ecs-qwen-hk5-13	success	51044		-	not-listed		
111101695374	2b15eac862	2026-10-03T01:54:07Z	ecs-qwen-hk5-13	success	38968		-	not-listed		
111109471083	6a2b3a38ac	2026-10-03T02:37:36Z	ecs-qwen-hk4-9	success	58928		-	not-listed		
111117144275	612a552959	2026-10-03T03:23:01Z	ecs-qwen-hk3-31	success	44174		-	not-listed		
111123703576	0f140e3a5d	2026-10-03T04:03:08Z	ecs-qwen-hk4-30	success	39065		-	not-listed		
111134039561	5130c1a734	2026-10-03T05:07:18Z	ecs-qwen-hk3-2	success	39294		-	not-listed		
111156366952	1a4de7486a	2026-10-03T07:31:50Z	ecs-qwen-hk5-31	success	37669		-	not-listed		
111163270745	b10f284008	2026-10-03T08:15:03Z	ecs-qwen-hk3-15	success	42408		-	not-listed		
111169088851	bfb32c780d	2026-10-03T08:52:11Z	ecs-qwen-hk5-30	success	51471		1532	pass		
111174582900	1a5aae80d9	2026-10-03T09:26:49Z	ecs-qwen-hk3-31	success	60445		328	pass		
111191974227	66a6279894	2026-10-03T11:18:40Z	ecs-qwen-hk3-27	success	44613		343	pass		
111201258545	264f541b0f	2026-10-03T12:19:46Z	ecs-qwen-hk5-22	success	40307		-	not-listed		
111210562585	576689d073	2026-10-03T13:18:50Z	ecs-qwen-hk4-13	success	98770		301	pass		
111216834696	d697f98553	2026-10-03T13:56:19Z	ecs-qwen-hk5-7	success	105044		-	not-listed		
111223160755	f05cf44c3d	2026-10-03T14:33:50Z	ecs-qwen-hk4-16	success	44534		-	not-listed		
111228468345	eb0b79c5b8	2026-10-03T15:03:41Z	ecs-qwen-hk3-14	success	48250		-	not-listed		
111234582413	691a374d2a	2026-10-03T15:38:50Z	ecs-qwen-hk3-17	failure	159297	1	344	pass		hosted-harness-session.test.ts:1662:45
111246298295	5ddfacc9d4	2026-10-03T16:44:43Z	ecs-qwen-hk5-7	success	47881		315	pass		
111269198349	2c591ecc08	2026-10-03T18:51:08Z	ecs-qwen-hk3-2	success	38107		-	not-listed		
111355850682	561b606b19	2026-10-04T03:47:12Z	ecs-qwen-hk4-17	success	62809		-	not-listed		
111364080403	8a1a2efe27	2026-10-04T04:43:44Z	ecs-qwen-hk4-19	success	38534		-	not-listed		
111367880271	3a177d6235	2026-10-04T05:10:36Z	ecs-qwen-hk3-31	success	44670		-	not-listed		
111371931894	7ee1ec97cc	2026-10-04T05:38:58Z	ecs-qwen-hk4-20	success	45762		-	not-listed		
111375790126	35616f3b64	2026-10-04T06:06:30Z	ecs-qwen-hk2-1	failure	47454		-	not-listed		
111380032390	bf3ab0723f	2026-10-04T06:36:40Z	ecs-qwen-hk5-17	success	47836		-	not-listed		
111384132562	71fefc7598	2026-10-04T07:05:00Z	ecs-qwen-hk4-32	success	50378		-	not-listed		
111389092177	1fb5a71522	2026-10-04T07:38:18Z	ecs-qwen-hk4-8	success	49771		-	not-listed		
111395163139	149cb3380c	2026-10-04T08:16:30Z	ecs-qwen-hk5-32	success	45244		-	not-listed		
111399878771	fde56a8203	2026-10-04T08:45:34Z	ecs-qwen-hk3-26	success	45709		-	not-listed		
111408253346	6136786c0c	2026-10-04T09:37:46Z	ecs-qwen-hk5-28	success	47834		323	pass		
111443483838	6694f35499	2026-10-04T13:11:45Z	ecs-qwen-hk4-24	failure	208771		363	pass		
111450888074	05ebb1ef3e	2026-10-04T13:53:39Z	ecs-qwen-hk4-2	success	96781		301	pass		
111460339329	98b0255f9d	2026-10-04T14:45:29Z	ecs-qwen-hk4-7	success	66916		328	pass		
111475811680	aca4d03c7e	2026-10-04T16:10:08Z	ecs-qwen-hk3-20	success	57255		-	not-listed		
111481760188	17c182eda0	2026-10-04T16:43:05Z	ecs-qwen-hk4-3	success	43832		-	not-listed		
111486639554	292c49ec4a	2026-10-04T17:09:48Z	ecs-qwen-hk5-6	success	43647		-	not-listed		
111494364993	a6a4b0baa4	2026-10-04T17:51:37Z	ecs-qwen-hk5-21	success	65108		328	pass		
111500825774	9915c7ff8f	2026-10-04T18:25:06Z	ecs-qwen-hk4-26	failure	147386	1	5441	FAIL	2	hosted-harness-session.test.ts:3388:43
