37222299287	9915c7ff8f	2026-10-04T17:54:28Z	completed	failure	1
37222099318	a6a4b0baa4	2026-10-04T17:51:26Z	completed	success	1
37218255804	292c49ec4a	2026-10-04T16:50:34Z	completed	success	1
37218201251	26e16d1ebd	2026-10-04T16:49:43Z	completed	cancelled	1
37218120941	7a13bdf72c	2026-10-04T16:48:23Z	completed	cancelled	1
37213018790	17c182eda0	2026-10-04T15:26:40Z	completed	success	1
37210231973	aca4d03c7e	2026-10-04T14:42:05Z	completed	success	1
37207453985	98b0255f9d	2026-10-04T13:57:02Z	completed	success	1
37206773562	fa3ad5ef4b	2026-10-04T13:45:45Z	completed	cancelled	1
37206475221	05ebb1ef3e	2026-10-04T13:40:46Z	completed	success	1
37206457518	ffc9772423	2026-10-04T13:40:29Z	completed	cancelled	1
37205516940	5022712321	2026-10-04T13:24:36Z	completed	cancelled	1
37205499728	9fe53fbc1e	2026-10-04T13:24:19Z	completed	cancelled	1
37205342732	f615790a70	2026-10-04T13:21:39Z	completed	cancelled	1
37205304706	3c157bda81	2026-10-04T13:21:01Z	completed	cancelled	1
37204740344	6694f35499	2026-10-04T13:11:37Z	completed	failure	1
37192759753	6136786c0c	2026-10-04T09:37:36Z	completed	success	1
37189414998	fde56a8203	2026-10-04T08:35:25Z	completed	success	1
37188274362	55b1fafc38	2026-10-04T08:14:27Z	completed	cancelled	1
37187955746	149cb3380c	2026-10-04T08:08:29Z	completed	success	1
37187562308	9fca2bd02e	2026-10-04T08:01:07Z	completed	cancelled	1
37186942013	5374641323	2026-10-04T07:49:04Z	completed	cancelled	1
37185427441	1fb5a71522	2026-10-04T07:19:23Z	completed	success	1
37183741302	71fefc7598	2026-10-04T06:45:35Z	completed	success	1
37182445648	bf3ab0723f	2026-10-04T06:19:01Z	completed	success	1
37180852746	35616f3b64	2026-10-04T05:46:33Z	completed	failure	1
37180823296	32291910a5	2026-10-04T05:45:55Z	completed	cancelled	1
37179596639	7ee1ec97cc	2026-10-04T05:20:18Z	completed	success	1
37179559219	886601759c	2026-10-04T05:19:31Z	completed	cancelled	1
37178357100	3a177d6235	2026-10-04T04:54:44Z	completed	success	1
37177829190	8a1a2efe27	2026-10-04T04:43:35Z	completed	success	1
37175050337	561b606b19	2026-10-04T03:47:00Z	completed	success	1
37142411448	2c591ecc08	2026-10-03T17:57:32Z	completed	success	1
37134670519	5ddfacc9d4	2026-10-03T15:50:35Z	completed	success	1
37133512121	691a374d2a	2026-10-03T15:30:58Z	completed	failure	1
37133032874	1cf80d46d0	2026-10-03T15:22:46Z	completed	cancelled	1
37129617553	eb0b79c5b8	2026-10-03T14:26:52Z	completed	success	1
37128696679	f05cf44c3d	2026-10-03T14:10:15Z	completed	success	1
37128628036	4f67f21507	2026-10-03T14:09:04Z	completed	cancelled	1
37127452281	d697f98553	2026-10-03T13:48:45Z	completed	success	1
37126549171	2a6879e648	2026-10-03T13:32:45Z	completed	cancelled	1
37121929477	576689d073	2026-10-03T12:08:58Z	completed	success	1
37121619328	09411aa0a9	2026-10-03T12:03:07Z	completed	cancelled	1
37121408142	264f541b0f	2026-10-03T11:59:32Z	completed	success	1
37119220373	66a6279894	2026-10-03T11:18:11Z	completed	success	1
37112437920	1a5aae80d9	2026-10-03T09:15:34Z	completed	success	1
37111113632	b7e4ed7958	2026-10-03T08:51:52Z	completed	cancelled	1
37108786264	bfb32c780d	2026-10-03T08:10:11Z	completed	success	1
37108672024	b10f284008	2026-10-03T08:08:10Z	completed	success	1
37106637449	1a4de7486a	2026-10-03T07:31:38Z	completed	success	1
37098468471	5130c1a734	2026-10-03T05:01:28Z	completed	success	1
37094306755	0f140e3a5d	2026-10-03T03:46:10Z	completed	success	1
37092711619	ba09794545	2026-10-03T03:17:34Z	completed	cancelled	1
37091425342	612a552959	2026-10-03T02:54:44Z	completed	success	1
37090447747	6a2b3a38ac	2026-10-03T02:37:26Z	completed	success	1
37087142784	2b15eac862	2026-10-03T01:42:50Z	completed	success	1
37086005855	e8cb82bb1b	2026-10-03T01:25:02Z	completed	success	1
37081453534	fa795e0232	2026-10-03T00:17:44Z	completed	success	1
37081031127	aa03e7a542	2026-10-03T00:11:57Z	completed	success	1
37079861171	1a933f7b5e	2026-10-02T23:56:03Z	completed	cancelled	1
37079600213	3f1adbae23	2026-10-02T23:52:32Z	completed	cancelled	1
37079417070	9b4960a089	2026-10-02T23:50:07Z	completed	cancelled	1
37079163719	6761ae8932	2026-10-02T23:46:44Z	completed	success	1
37049630354	a011f66944	2026-10-02T18:45:47Z	completed	success	1
37039134315	1abccdb26a	2026-10-02T17:12:28Z	completed	success	1
37037732467	623cfc6795	2026-10-02T17:00:05Z	completed	cancelled	1
37034444628	3c2ca651f4	2026-10-02T16:30:51Z	completed	success	1
37033777675	28c87086e3	2026-10-02T16:25:01Z	completed	cancelled	1
37032512429	187a2d5ee1	2026-10-02T16:13:56Z	completed	cancelled	1
37030900736	f5c9bf8a6a	2026-10-02T16:00:06Z	completed	success	1
37030182253	45ee202cb1	2026-10-02T15:53:51Z	completed	cancelled	1
37022220524	c15dd268c0	2026-10-02T14:46:29Z	completed	success	1
37021394275	354ae9292d	2026-10-02T14:39:31Z	completed	success	1
37017831827	fb843d6ce7	2026-10-02T14:08:55Z	completed	success	1
37006418539	b3dda468f2	2026-10-02T12:23:46Z	completed	failure	1
36997317934	9478f28731	2026-10-02T10:46:22Z	completed	success	1
36997038807	7b500e4cb2	2026-10-02T10:43:22Z	completed	success	1
36993652353	c5b0e1f37f	2026-10-02T10:06:48Z	completed	success	1
36975424466	d5c22d336b	2026-10-02T06:49:32Z	completed	success	1
36974407150	fc50ac654c	2026-10-02T06:37:00Z	completed	success	1
36972920621	5fca3be759	2026-10-02T06:18:28Z	completed	success	1
36970722539	49b6c90053	2026-10-02T05:50:12Z	completed	cancelled	1
36970671733	e1167c1f9c	2026-10-02T05:49:31Z	completed	success	1
36960758440	47463b79a7	2026-10-02T03:34:19Z	completed	success	1
36959336927	8eaaa1355c	2026-10-02T03:15:08Z	completed	success	1
36950155874	de2612434a	2026-10-02T01:16:41Z	completed	success	1
36947486793	3f56f74a6a	2026-10-02T00:44:17Z	completed	success	1
36947112823	64f200a0be	2026-10-02T00:39:49Z	completed	cancelled	1
36946822923	fc800f15a4	2026-10-02T00:36:18Z	completed	success	1
36900790902	a7deb01bcb	2026-10-01T17:37:51Z	completed	success	1
36893189876	728c13de21	2026-10-01T16:35:53Z	completed	success	1
36878989723	05f4fd8952	2026-10-01T14:46:30Z	completed	success	1
36878641887	f73f6c39ac	2026-10-01T14:43:53Z	completed	cancelled	1
36878175308	0885cd0dcb	2026-10-01T14:40:23Z	completed	cancelled	1
36877972621	a56e042372	2026-10-01T14:38:54Z	completed	cancelled	1
36877456302	27a4485db5	2026-10-01T14:34:56Z	completed	cancelled	1
36876733459	639ff7c981	2026-10-01T14:29:28Z	completed	cancelled	1
36875535727	89eb3a7ba9	2026-10-01T14:20:15Z	completed	success	1
36843024136	0a5f518b4f	2026-10-01T09:29:04Z	completed	success	1
36841487257	e083d6a6b8	2026-10-01T09:15:04Z	completed	success	1
36839387480	f3bf699476	2026-10-01T08:55:28Z	completed	success	1
36829558147	93efe3558a	2026-10-01T07:18:23Z	completed	success	1
36824185860	6310dd38d5	2026-10-01T06:19:42Z	completed	success	1
36823649206	dda0e71af6	2026-10-01T06:13:35Z	completed	success	1
36821704157	ed2af75c20	2026-10-01T05:50:21Z	completed	success	1
36818767932	0a4bed5c9f	2026-10-01T05:13:48Z	completed	success	1
36816302550	339bdeb013	2026-10-01T04:41:41Z	completed	success	1
36815100114	a4bf0026c0	2026-10-01T04:26:08Z	completed	success	1
36808722892	310f4ba3ab	2026-10-01T03:03:22Z	completed	success	1
36804201962	937ed13a15	2026-10-01T02:05:47Z	completed	success	1
36792479196	6b66321a5a	2026-09-30T23:42:38Z	completed	success	1
36791885494	c434de715e	2026-09-30T23:35:38Z	completed	success	1
36771354172	57e720bc97	2026-09-30T20:15:37Z	completed	success	1
36768120815	afb911a3c8	2026-09-30T19:47:34Z	completed	success	1
36767955613	73569eca42	2026-09-30T19:46:08Z	completed	cancelled	1
