M1	LocalRuntimeStore.java	NoSuchFileException absent\) \{\n            return true;	NoSuchFileException absent) {\n            return false;	stat ENOENT no longer proves absence
M2	LocalRuntimeStore.java	IllegalArgumentException uncertain\) \{\n            return false;	IllegalArgumentException uncertain) {\n            return true;	stat read error treated as death
M3	LocalRuntimeStore.java	\n                && identity\.timeNamespace\(\)\.equals\(registration\.handle\(\)\.getValue\(\)\.get\("timeNamespace"\)\);	;	sameBoot ignores time namespace
M4	LocalRuntimeStore.java	if \(!attributes\.owner\(\)\.equals\(owner\) \|\| !attributes\.permissions\(\)\.equals\(	if (!attributes.owner().equals(owner) || false && !attributes.permissions().equals(	permission check dropped
M5	LocalRuntimeStore.java	fields\[19\]\.matches\("\[0-9\]\+"\)\) \{	fields[18].matches("[0-9]+")) {	start-tick field bounds check shifted
M6	LocalRuntimeStore.java	return "ticks:" \+ Long\.parseLong\(fields\[19\]\);	return "ticks:" + Long.parseLong(fields[18]);	reads stat field 21 instead of 22
M7	LocalRuntimeStore.java	if \(!create \|\| known != null \|\| !createdLock\) \{	if (!create || known != null) {	recreates record when lock exists but record is missing
M8	LocalRuntimeStore.java	\n                    && started\.equals\(startIdentity\(process\)\)\)\.orElse	).orElse	PID match without start identity
M9	LocalProcessRuntimeProvisioner.java	        if \(store == null\) \{\n            stop\(lease\);\n        \}	        stop(lease);	durable release kills the worker
M10	LocalProcessRuntimeProvisioner.java	        if \(store == null\) \{\n            for \(OwnedProcess process : owned\.values\(\)\) \{\n                process\.process\.destroy\(\);\n            \}\n        \}	        for (OwnedProcess process : owned.values()) {\n            if (process.process() != null) process.process().destroy();\n            else ProcessHandle.of(process.registration().pid()).ifPresent(ProcessHandle::destroy);\n        }	durable close kills workers
M11	LocalProcessRuntimeProvisioner.java	            if \(!store\.sameBoot\(original\)\) \{\n                throw LocalRuntimeStore\.blocked\(\);\n            \}\n		provision skips host/boot check
M12	LocalProcessRuntimeProvisioner.java	                if \(!store\.sameBoot\(registration\)\) \{\n                    return RuntimeObservation\.unknown\(handle\);\n                \}\n		observe skips host/boot check
M13	LocalProcessRuntimeProvisioner.java	        attest\(request, seed, lease\);\n        if \(registration\.process\(\) == null\) \{\n            return null;\n        \}	        attest(request, seed, lease);	no liveness recheck after attest
M14	RuntimeBrokerService.java	\n                        \|\| record\.getState\(\) == RuntimeBindingRecord\.State\.RECOVERY_BLOCKED\)	)	canReconcile drops RECOVERY_BLOCKED
M15	RuntimeBrokerService.java	            if \(provisioner\.supportsStartupRecovery\(record\.getResourceHandle\(\)\)\) \{\n                return reconcileBinding\(record\);\n            \}\n		ensureBinding never reconciles RECOVERY_BLOCKED
M16	LocalProcessRuntimeProvisioner.java	if \(lastLease != null && !ownershipKey\(lastLease\)\.equals\(ownershipKey\(lease\)\)\) \{	if (false) {	observe accepts a different lease
