BASELINE	java	exit=0	total=39	failed=0
BASELINE	ts	exit=0	total=408	failed=0
T1-kind	KILLED	total=408	failed=1
J1-kind	KILLED	total=39	failed=1
T2-settled	KILLED	total=408	failed=2
J2-settled	KILLED	total=39	failed=2
T3-scope	KILLED	total=408	failed=1
J3-scope	KILLED	total=39	failed=1
T4-call	KILLED	total=408	failed=2
J4-call	KILLED	total=39	failed=2
T5-content	KILLED	total=408	failed=1
T6-receipt	KILLED	total=408	failed=1
J5-content	KILLED	total=39	failed=1
T7-closure-agent	KILLED	total=408	failed=3
J6-receipt	KILLED	total=39	failed=1
T8-closure-acceptance	KILLED	total=408	failed=1
J7-closure-agent	KILLED	total=39	failed=1
T7b-closure-result-receipt	KILLED	total=408	failed=2
J8-closure-acceptance	KILLED	total=39	failed=1
TF3-shell-parser	SURVIVED	total=408	failed=0
T4-def	KILLED	total=408	failed=1
J9-taskkind-null	SURVIVED	total=39	failed=0
T4-runtime	KILLED	total=408	failed=1
J7b-closure-result-receipt	KILLED	total=39	failed=1
T4-drive	KILLED	total=408	failed=3
JF1-id-childRunId	KILLED	total=39	failed=1
T4-root	KILLED	total=408	failed=1
T5-dispatch-rt	KILLED	total=408	failed=1
JF2-id-ownerScopeId	KILLED	total=39	failed=1
T5-drive-delete	KILLED	total=408	failed=3
JF3-id-rootSessionId	KILLED	total=39	failed=1
T5-stop-cleared	KILLED	total=408	failed=1
T5-terminal-branch	KILLED	total=408	failed=5
J4-def	KILLED	total=39	failed=1
T5-terminal-rest	KILLED	total=408	failed=4
J4-runtime	KILLED	total=39	failed=1
J4-drive	ANCHOR-COUNT=0	INVALID
T5-terminal-run	KILLED	total=408	failed=1
T5-failed-freeze	KILLED	total=408	failed=1
J4-root	KILLED	total=39	failed=1
T5-cancel-settled	KILLED	total=408	failed=1
J4-finite-run	KILLED	total=39	failed=1
T5-session-id	KILLED	total=408	failed=1
J4-finite-acc	KILLED	total=39	failed=1
T5-empty-segment	KILLED	total=408	failed=1
J5-dispatch-rt	KILLED	total=39	failed=1
T5-depth1	SURVIVED	total=408	failed=0
J5-drive-matches	KILLED	total=39	failed=1
T5-fixed-ownerScopeId	KILLED	total=408	failed=1
T5-fixed-rootSessionId	KILLED	total=408	failed=1
J5-drive-find	SURVIVED	total=39	failed=0
T5-fixed-workingDirectory	KILLED	total=408	failed=1
J5-drive-delete	KILLED	total=39	failed=1
T5-fixed-inputRef	KILLED	total=408	failed=1
J5-stop-cleared	KILLED	total=39	failed=1
T5-fixed-predecessorChildRunId	KILLED	total=408	failed=1
J5-terminal-branch	KILLED	total=39	failed=1
J5-terminal-rest	KILLED	total=39	failed=1
J5-terminal-run	KILLED	total=39	failed=1
J5-failed-freeze	KILLED	total=39	failed=1
J5-cancel-settled	KILLED	total=39	failed=1
J5-session-id	KILLED	total=39	failed=1
J5-empty-segment	KILLED	total=39	failed=1
J5-depth1	SURVIVED	total=39	failed=0
J5-fixed-ownerScopeId	KILLED	total=39	failed=1
J5-fixed-rootSessionId	KILLED	total=39	failed=1
J5-fixed-workingDirectory	KILLED	total=39	failed=1
J5-fixed-inputRef	KILLED	total=39	failed=1
J5-fixed-predecessorChildRunId	KILLED	total=39	failed=1
