M01-generation-arm	KILLED	ManagedExtensionProjectionContractTest.readsBrokerExecutions
M02-reserved-id-ordinary	KILLED	ManagedExtensionRecordStoreTest.refusesEventLinesTheAuthorityWouldRefuseAtReopen
M03-own-reserved-id-stageh	SURVIVED	
M04-domain-payload-hole	KILLED	ManagedExtensionRecordStoreTest.refusesEventLinesTheAuthorityWouldRefuseAtReopen
M05-event-kinds	KILLED	ManagedExtensionRecordStoreTest.refusesEventLinesTheAuthorityWouldRefuseAtReopen
M06-subject-object	SURVIVED	
M07-marker-cap	KILLED	ManagedExtensionRecordStoreTest.refusesEventLinesTheAuthorityWouldRefuseAtReopen
M08-unknown-subtype	KILLED	ManagedExtensionRecordStoreTest.refusesEventLinesTheAuthorityWouldRefuseAtReopen;ManagedExtensionRecordStoreTest.refusesWhatTheAuthorityCouldNotReadBack
M09-one-stageh-per-tx	KILLED	ManagedExtensionRecordStoreTest.refusesEventLinesTheAuthorityWouldRefuseAtReopen
M10-event-sequence	KILLED	ManagedExtensionRecordStoreTest.refusesEventLinesTheAuthorityWouldRefuseAtReopen;ManagedExtensionRecordStoreTest.refusesWhatTheAuthorityCouldNotReadBack;ToolPublicationStoreTest.duplicateIntentLinesAtOneSequenceAreRejectedAtCommit
M11-own-session	KILLED	ManagedExtensionRecordStoreTest.refusesEventLinesTheAuthorityWouldRefuseAtReopen;ManagedExtensionRecordStoreTest.refusesWhatTheAuthorityCouldNotReadBack;ToolPublicationStoreTest.foreignScopedIntentLinesAreRejectedAtCommit;ToolPublicationStoreTest.streamsLargeOutputAndReadsItsTailAfterStoreReplacement;ToolPublicationStoreTest.unknownDomainLinesAreRejectedAtCommit
M12-closed-envelope	KILLED	
M13-event-in-range	KILLED	ManagedExtensionRecordStoreTest.refusesAStageHRecordInTheGenesis
M14-event-line-cap	SURVIVED	
M15-no-stream-announce-restored	KILLED	ManagedExtensionRecordStoreTest.keepsOneTextPartAcrossATaskAnnouncement
cand	M03-own-reserved-id-stageh	KILLED	ManagedExtensionRecordStoreTest.refusesEventLinesTheAuthorityWouldRefuseAtReopen
head	M06b-subject-object-both	SURVIVED	
cand	M06b-subject-object-both	KILLED	ManagedExtensionRecordStoreTest.refusesEventLinesTheAuthorityWouldRefuseAtReopen
head	M12b-closed-envelope	SURVIVED	
cand	M12b-closed-envelope	KILLED	ManagedExtensionRecordStoreTest.refusesEventLinesTheAuthorityWouldRefuseAtReopen
