1790804525427	1	escaped writer pid	ACCEPT	true
1790804525436	1	escaped writer output	ACCEPT	true
1790804532577	1	original worker loss after recovery fencing	ACCEPT	Reply[ok=false, value=null, status=503, code=runtime_broker_runtime_lost, retryable=true, message=Runtime is lost; recovery requires complete evidence and cleanup]
1790804532638	1	escaped writer continues after loss; the physical pin must remain	REJECT	146
1790804532688	1	escaped writer continues after loss; the physical pin must remain	ACCEPT	147
1790804542612	1	escaped writer pid	ACCEPT	true
1790804542618	1	escaped writer output	ACCEPT	true
1790804548343	1	original worker loss after recovery fencing	REJECT	Reply[ok=false, value=null, status=503, code=runtime_provision_fenced, retryable=true, message=Runtime recovery claim expired]
1790804552582	1	original worker loss after recovery fencing	ACCEPT	Reply[ok=false, value=null, status=503, code=runtime_broker_runtime_lost, retryable=true, message=Runtime is lost; recovery requires complete evidence and cleanup]
1790804552598	1	escaped writer continues after loss; the physical pin must remain	REJECT	201
1790804552648	1	escaped writer continues after loss; the physical pin must remain	ACCEPT	202
1790804562677	1	marker = [start]	ACCEPT	[start]
1790804562694	1	UNKNOWN execution	REJECT	com.alibaba.qwen.code.runtimebroker.ToolExecutionRecord@28a0fd6c
1790804562746	1	UNKNOWN execution	REJECT	com.alibaba.qwen.code.runtimebroker.ToolExecutionRecord@66629f63
1790804562799	1	UNKNOWN execution	REJECT	com.alibaba.qwen.code.runtimebroker.ToolExecutionRecord@1e5f4170
1790804562851	1	UNKNOWN execution	REJECT	com.alibaba.qwen.code.runtimebroker.ToolExecutionRecord@6b5966e1
1790804562905	1	UNKNOWN execution	REJECT	com.alibaba.qwen.code.runtimebroker.ToolExecutionRecord@1568159
1790804562957	1	UNKNOWN execution	REJECT	com.alibaba.qwen.code.runtimebroker.ToolExecutionRecord@6f80fafe
1790804563009	1	UNKNOWN execution	REJECT	com.alibaba.qwen.code.runtimebroker.ToolExecutionRecord@f9879ac
1790804563061	1	UNKNOWN execution	REJECT	com.alibaba.qwen.code.runtimebroker.ToolExecutionRecord@5f4d427e
1790804563113	1	UNKNOWN execution	REJECT	com.alibaba.qwen.code.runtimebroker.ToolExecutionRecord@224b4d61
1790804563165	1	UNKNOWN execution	REJECT	com.alibaba.qwen.code.runtimebroker.ToolExecutionRecord@303e3593
1790804563217	1	UNKNOWN execution	ACCEPT	com.alibaba.qwen.code.runtimebroker.ToolExecutionRecord@362a019c
1790804584093	1	marker = [start]	ACCEPT	[start]
1790804590899	1	original Runtime loss after recovery fencing	ACCEPT	Reply[ok=false, value=null, status=503, code=runtime_broker_runtime_lost, retryable=true, message=Runtime is lost; recovery requires complete evidence and cleanup]
1790804609317	1	marker = [start]	ACCEPT	[start]
1790804616136	1	original worker loss after recovery fencing	ACCEPT	Reply[ok=false, value=null, status=503, code=runtime_broker_runtime_lost, retryable=true, message=Runtime is lost; recovery requires complete evidence and cleanup]
1790804625985	1	project/marker = [start]	ACCEPT	[start]
1790804631416	1	original worker loss after recovery fencing	REJECT	Reply[ok=false, value=null, status=503, code=runtime_provision_fenced, retryable=true, message=Runtime recovery claim expired]
1790804635653	1	original worker loss after recovery fencing	ACCEPT	Reply[ok=false, value=null, status=503, code=runtime_broker_runtime_lost, retryable=true, message=Runtime is lost; recovery requires complete evidence and cleanup]
1790804898694	2	escaped writer pid	ACCEPT	true
1790804898704	2	escaped writer output	ACCEPT	true
1790804905841	2	original worker loss after recovery fencing	ACCEPT	Reply[ok=false, value=null, status=503, code=runtime_broker_runtime_lost, retryable=true, message=Runtime is lost; recovery requires complete evidence and cleanup]
1790804905909	2	escaped writer continues after loss; the physical pin must remain	REJECT	146
1790804905959	2	escaped writer continues after loss; the physical pin must remain	ACCEPT	147
1790804915973	2	escaped writer pid	ACCEPT	true
1790804915980	2	escaped writer output	ACCEPT	true
1790804923097	2	original worker loss after recovery fencing	ACCEPT	Reply[ok=false, value=null, status=503, code=runtime_broker_runtime_lost, retryable=true, message=Runtime is lost; recovery requires complete evidence and cleanup]
1790804923113	2	escaped writer continues after loss; the physical pin must remain	REJECT	145
1790804923163	2	escaped writer continues after loss; the physical pin must remain	ACCEPT	146
1790804933220	2	marker = [start]	ACCEPT	[start]
1790804933257	2	UNKNOWN execution	REJECT	com.alibaba.qwen.code.runtimebroker.ToolExecutionRecord@6f80fafe
1790804933309	2	UNKNOWN execution	REJECT	com.alibaba.qwen.code.runtimebroker.ToolExecutionRecord@f9879ac
1790804933361	2	UNKNOWN execution	REJECT	com.alibaba.qwen.code.runtimebroker.ToolExecutionRecord@6e521c1e
1790804933413	2	UNKNOWN execution	REJECT	com.alibaba.qwen.code.runtimebroker.ToolExecutionRecord@5d5d9e5
1790804933465	2	UNKNOWN execution	REJECT	com.alibaba.qwen.code.runtimebroker.ToolExecutionRecord@4ef27d66
1790804933517	2	UNKNOWN execution	REJECT	com.alibaba.qwen.code.runtimebroker.ToolExecutionRecord@1d9bec4d
1790804933569	2	UNKNOWN execution	REJECT	com.alibaba.qwen.code.runtimebroker.ToolExecutionRecord@10c8f62
1790804933621	2	UNKNOWN execution	REJECT	com.alibaba.qwen.code.runtimebroker.ToolExecutionRecord@25f7391e
1790804933674	2	UNKNOWN execution	REJECT	com.alibaba.qwen.code.runtimebroker.ToolExecutionRecord@5ab14cb9
1790804933726	2	UNKNOWN execution	REJECT	com.alibaba.qwen.code.runtimebroker.ToolExecutionRecord@439a8f59
1790804933778	2	UNKNOWN execution	ACCEPT	com.alibaba.qwen.code.runtimebroker.ToolExecutionRecord@31024624
1790804954726	2	marker = [start]	ACCEPT	[start]
1790804961636	2	original Runtime loss after recovery fencing	ACCEPT	Reply[ok=false, value=null, status=503, code=runtime_broker_runtime_lost, retryable=true, message=Runtime is lost; recovery requires complete evidence and cleanup]
1790804980134	2	marker = [start]	ACCEPT	[start]
1790804986968	2	original worker loss after recovery fencing	ACCEPT	Reply[ok=false, value=null, status=503, code=runtime_broker_runtime_lost, retryable=true, message=Runtime is lost; recovery requires complete evidence and cleanup]
1790804996840	2	project/marker = [start]	ACCEPT	[start]
1790805002286	2	original worker loss after recovery fencing	REJECT	Reply[ok=false, value=null, status=503, code=runtime_provision_fenced, retryable=true, message=Runtime recovery claim expired]
1790805006532	2	original worker loss after recovery fencing	ACCEPT	Reply[ok=false, value=null, status=503, code=runtime_broker_runtime_lost, retryable=true, message=Runtime is lost; recovery requires complete evidence and cleanup]
1790805017960	3	escaped writer pid	ACCEPT	true
1790805017969	3	escaped writer output	ACCEPT	true
1790805025108	3	original worker loss after recovery fencing	ACCEPT	Reply[ok=false, value=null, status=503, code=runtime_broker_runtime_lost, retryable=true, message=Runtime is lost; recovery requires complete evidence and cleanup]
1790805025169	3	escaped writer continues after loss; the physical pin must remain	REJECT	146
1790805025220	3	escaped writer continues after loss; the physical pin must remain	ACCEPT	147
1790805035164	3	escaped writer pid	ACCEPT	true
1790805035170	3	escaped writer output	ACCEPT	true
1790805042265	3	original worker loss after recovery fencing	ACCEPT	Reply[ok=false, value=null, status=503, code=runtime_broker_runtime_lost, retryable=true, message=Runtime is lost; recovery requires complete evidence and cleanup]
1790805042282	3	escaped writer continues after loss; the physical pin must remain	REJECT	144
1790805042332	3	escaped writer continues after loss; the physical pin must remain	ACCEPT	145
1790805052353	3	marker = [start]	ACCEPT	[start]
1790805052391	3	UNKNOWN execution	REJECT	com.alibaba.qwen.code.runtimebroker.ToolExecutionRecord@4fcee388
1790805052443	3	UNKNOWN execution	REJECT	com.alibaba.qwen.code.runtimebroker.ToolExecutionRecord@3af17be2
1790805052495	3	UNKNOWN execution	REJECT	com.alibaba.qwen.code.runtimebroker.ToolExecutionRecord@5f4d427e
1790805052547	3	UNKNOWN execution	REJECT	com.alibaba.qwen.code.runtimebroker.ToolExecutionRecord@224b4d61
1790805052600	3	UNKNOWN execution	REJECT	com.alibaba.qwen.code.runtimebroker.ToolExecutionRecord@303e3593
1790805052652	3	UNKNOWN execution	REJECT	com.alibaba.qwen.code.runtimebroker.ToolExecutionRecord@362a019c
1790805052704	3	UNKNOWN execution	REJECT	com.alibaba.qwen.code.runtimebroker.ToolExecutionRecord@5c48c0c0
1790805052756	3	UNKNOWN execution	REJECT	com.alibaba.qwen.code.runtimebroker.ToolExecutionRecord@674c583e
1790805052808	3	UNKNOWN execution	REJECT	com.alibaba.qwen.code.runtimebroker.ToolExecutionRecord@3f23a3a0
1790805052860	3	UNKNOWN execution	REJECT	com.alibaba.qwen.code.runtimebroker.ToolExecutionRecord@5fb97279
1790805052912	3	UNKNOWN execution	ACCEPT	com.alibaba.qwen.code.runtimebroker.ToolExecutionRecord@61861a29
1790805073779	3	marker = [start]	ACCEPT	[start]
1790805080572	3	original Runtime loss after recovery fencing	ACCEPT	Reply[ok=false, value=null, status=503, code=runtime_broker_runtime_lost, retryable=true, message=Runtime is lost; recovery requires complete evidence and cleanup]
1790805098985	3	marker = [start]	ACCEPT	[start]
1790805105809	3	original worker loss after recovery fencing	ACCEPT	Reply[ok=false, value=null, status=503, code=runtime_broker_runtime_lost, retryable=true, message=Runtime is lost; recovery requires complete evidence and cleanup]
1790805115660	3	project/marker = [start]	ACCEPT	[start]
1790805122491	3	original worker loss after recovery fencing	ACCEPT	Reply[ok=false, value=null, status=503, code=runtime_broker_runtime_lost, retryable=true, message=Runtime is lost; recovery requires complete evidence and cleanup]
1790805385981	4	escaped writer pid	ACCEPT	true
1790805385991	4	escaped writer output	ACCEPT	true
1790805393198	4	original worker loss after recovery fencing	ACCEPT	Reply[ok=false, value=null, status=503, code=runtime_broker_runtime_lost, retryable=true, message=Runtime is lost; recovery requires complete evidence and cleanup]
1790805393264	4	escaped writer continues after loss; the physical pin must remain	REJECT	147
1790805393314	4	escaped writer continues after loss; the physical pin must remain	ACCEPT	148
1790805403282	4	escaped writer pid	ACCEPT	true
1790805403288	4	escaped writer output	ACCEPT	true
1790805410400	4	original worker loss after recovery fencing	ACCEPT	Reply[ok=false, value=null, status=503, code=runtime_broker_runtime_lost, retryable=true, message=Runtime is lost; recovery requires complete evidence and cleanup]
1790805410418	4	escaped writer continues after loss; the physical pin must remain	REJECT	145
1790805410468	4	escaped writer continues after loss; the physical pin must remain	ACCEPT	146
1790805420491	4	marker = [start]	ACCEPT	[start]
1790805420529	4	UNKNOWN execution	REJECT	com.alibaba.qwen.code.runtimebroker.ToolExecutionRecord@4fcee388
1790805420581	4	UNKNOWN execution	REJECT	com.alibaba.qwen.code.runtimebroker.ToolExecutionRecord@3af17be2
1790805420633	4	UNKNOWN execution	REJECT	com.alibaba.qwen.code.runtimebroker.ToolExecutionRecord@5f4d427e
1790805420685	4	UNKNOWN execution	REJECT	com.alibaba.qwen.code.runtimebroker.ToolExecutionRecord@224b4d61
1790805420737	4	UNKNOWN execution	REJECT	com.alibaba.qwen.code.runtimebroker.ToolExecutionRecord@303e3593
1790805420789	4	UNKNOWN execution	REJECT	com.alibaba.qwen.code.runtimebroker.ToolExecutionRecord@362a019c
1790805420841	4	UNKNOWN execution	REJECT	com.alibaba.qwen.code.runtimebroker.ToolExecutionRecord@5c48c0c0
1790805420893	4	UNKNOWN execution	REJECT	com.alibaba.qwen.code.runtimebroker.ToolExecutionRecord@674c583e
1790805420944	4	UNKNOWN execution	REJECT	com.alibaba.qwen.code.runtimebroker.ToolExecutionRecord@3f23a3a0
1790805420996	4	UNKNOWN execution	REJECT	com.alibaba.qwen.code.runtimebroker.ToolExecutionRecord@5fb97279
1790805421048	4	UNKNOWN execution	ACCEPT	com.alibaba.qwen.code.runtimebroker.ToolExecutionRecord@61861a29
1790805441904	4	marker = [start]	ACCEPT	[start]
1790805447337	4	original Runtime loss after recovery fencing	REJECT	Reply[ok=false, value=null, status=503, code=runtime_provision_fenced, retryable=true, message=Runtime recovery claim expired]
1790805451569	4	original Runtime loss after recovery fencing	ACCEPT	Reply[ok=false, value=null, status=503, code=runtime_broker_runtime_lost, retryable=true, message=Runtime is lost; recovery requires complete evidence and cleanup]
1790805469979	4	marker = [start]	ACCEPT	[start]
1790805475412	4	original worker loss after recovery fencing	REJECT	Reply[ok=false, value=null, status=503, code=runtime_provision_fenced, retryable=true, message=Runtime recovery claim expired]
1790805479637	4	original worker loss after recovery fencing	ACCEPT	Reply[ok=false, value=null, status=503, code=runtime_broker_runtime_lost, retryable=true, message=Runtime is lost; recovery requires complete evidence and cleanup]
1790805489436	4	project/marker = [start]	ACCEPT	[start]
1790805496250	4	original worker loss after recovery fencing	ACCEPT	Reply[ok=false, value=null, status=503, code=runtime_broker_runtime_lost, retryable=true, message=Runtime is lost; recovery requires complete evidence and cleanup]
