size_mib	trial	captureStatus	captureReason	deliveryStatus	phase	seal_refusals	dup_ordinals
20.0625	1	complete	null	committed	results_ready	0	-
20.0625	2	complete	null	committed	results_ready	0	-
20.0625	3	complete	null	committed	results_ready	0	-
10.5	1	complete	null	committed	results_ready	0	-
10.5	2	complete	null	committed	results_ready	0	-
10.5	3	complete	null	committed	results_ready	0	-
10.9375	1	complete	null	committed	results_ready	0	-
10.9375	2	complete	null	committed	results_ready	0	-
10.9375	3	complete	null	committed	results_ready	0	-
