main6	M0	survived	Tests run: 6, Failures: 0, Errors: 0, Skipped: 0	
main6	P1	survived	Tests run: 6, Failures: 0, Errors: 0, Skipped: 0	
main6	P2	killed	Tests run: 6, Failures: 1, Errors: 0, Skipped: 0	ManagedAgentPropertiesTest.fileAdmissionRequiresTheCompleteTrustedLocalDeployment 
main6	C1	killed	Tests run: 6, Failures: 1, Errors: 0, Skipped: 0	QwenHostedHarnessConnectorTest.rechecksWorkspaceAuthorityOnCachedAttachmentAndKeepsPassiveRecoveryAuthorized 
main6	C2	killed	Tests run: 6, Failures: 2, Errors: 0, Skipped: 0	QwenHostedHarnessConnectorTest.boundCreateConflictLoadsOriginalWorkspaceAndProfileAndRechecksCachedGrant QwenHostedHarnessConnectorTest.rechecksWorkspaceAuthorityOnCachedAttachmentAndKeepsPassiveRecoveryAuthorized 
main6	C3	killed	Tests run: 6, Failures: 1, Errors: 0, Skipped: 0	QwenHostedHarnessConnectorTest.boundCreateConflictLoadsOriginalWorkspaceAndProfileAndRechecksCachedGrant 
main6	C4	killed	Tests run: 6, Failures: 1, Errors: 0, Skipped: 0	QwenHostedHarnessConnectorTest.rechecksWorkspaceAuthorityOnCachedAttachmentAndKeepsPassiveRecoveryAuthorized 
main6	C5	survived	Tests run: 6, Failures: 0, Errors: 0, Skipped: 0	
main6	C6	survived	Tests run: 6, Failures: 0, Errors: 0, Skipped: 0	
main6	C7	survived	Tests run: 6, Failures: 0, Errors: 0, Skipped: 0	
main6	C8	survived	Tests run: 6, Failures: 0, Errors: 0, Skipped: 0	
main6	C9	killed	Tests run: 6, Failures: 2, Errors: 0, Skipped: 0	QwenHostedHarnessConnectorTest.boundCreateConflictLoadsOriginalWorkspaceAndProfileAndRechecksCachedGrant QwenHostedHarnessConnectorTest.rechecksWorkspaceAuthorityOnCachedAttachmentAndKeepsPassiveRecoveryAuthorized 
main6	C10	survived	Tests run: 6, Failures: 0, Errors: 0, Skipped: 0	
main6	C11	survived	Tests run: 6, Failures: 0, Errors: 0, Skipped: 0	
main6	C12	survived	Tests run: 6, Failures: 0, Errors: 0, Skipped: 0	
main6	C13	survived	Tests run: 6, Failures: 0, Errors: 0, Skipped: 0	
