run	job	conclusion	started	completed	runner
37553485683	112574204272	null	2026-10-07T00:43:52Z	null	GitHub Actions 1000570215
37551539176	112567942989	null	2026-10-07T00:33:03Z	null	GitHub Actions 1000570197
37551219738	112566905848	cancelled	2026-10-07T00:22:20Z	2026-10-07T00:42:20Z	GitHub Actions 1000570177
37551178317	112566771274	cancelled	2026-10-07T00:19:54Z	2026-10-07T00:39:54Z	GitHub Actions 1000570176
37549974779	112562878113	cancelled	2026-10-07T00:04:15Z	2026-10-07T00:24:15Z	GitHub Actions 1000570149
37548634480	112558588929	cancelled	2026-10-06T23:49:19Z	2026-10-07T00:09:20Z	GitHub Actions 1000570117
37548614639	112558523723	cancelled	2026-10-06T23:49:04Z	2026-10-07T00:09:04Z	GitHub Actions 1000570113
37548468902	112558058288	success	2026-10-06T23:47:26Z	2026-10-06T23:58:01Z	GitHub Actions 1000570099
37547878250	112556153327	success	2026-10-06T23:40:53Z	2026-10-06T23:49:32Z	GitHub Actions 1000570086
37546288846	112550972801	cancelled	2026-10-06T23:23:31Z	2026-10-06T23:43:31Z	GitHub Actions 1000570056
37543910341	112543221782	cancelled	2026-10-06T22:58:54Z	2026-10-06T23:18:54Z	GitHub Actions 1000570022
37542230965	112537712480	cancelled	2026-10-06T22:42:08Z	2026-10-06T23:02:08Z	GitHub Actions 1000569999
37541594603	112535644006	cancelled	2026-10-06T22:36:00Z	2026-10-06T22:56:00Z	GitHub Actions 1000569982
37541577262	112535587053	cancelled	2026-10-06T22:35:52Z	2026-10-06T22:55:52Z	GitHub Actions 1000569979
37541149840	112534190797	cancelled	2026-10-06T22:31:49Z	2026-10-06T22:51:49Z	GitHub Actions 1000569972
37534852760	112513082375	failure	2026-10-06T21:34:36Z	2026-10-06T21:39:20Z	GitHub Actions 1000569945
37533749667	112511370361	cancelled	2026-10-06T21:30:18Z	2026-10-06T21:50:19Z	GitHub Actions 1000569940
37531936267	112503211164	cancelled	2026-10-06T21:19:30Z	2026-10-06T21:39:30Z	GitHub Actions 1000569924
37529747753	112495792472	cancelled	2026-10-06T21:01:56Z	2026-10-06T21:21:56Z	GitHub Actions 1000569905
37529529913	112495041402	cancelled	2026-10-06T20:50:56Z	2026-10-06T21:10:56Z	GitHub Actions 1000569888
37528240186	112490634788	cancelled	2026-10-06T20:44:39Z	2026-10-06T21:04:39Z	GitHub Actions 1000569864
37527334303	112487556387	cancelled	2026-10-06T20:41:48Z	2026-10-06T21:01:49Z	GitHub Actions 1000569856
37525728979	112545458274	cancelled	2026-10-06T23:06:16Z	2026-10-06T23:26:16Z	GitHub Actions 1000570042
37522282573	112470457198	cancelled	2026-10-06T20:10:32Z	2026-10-06T20:30:32Z	GitHub Actions 1000569792
37519520383	112461017376	cancelled	2026-10-06T19:42:11Z	2026-10-06T20:02:11Z	GitHub Actions 1000569755
