TS	managed-runtime	head	exit=1	122s	 Tests 3 failed | 2278 passed (2281)
TS	cli-serve	head	exit=1	359s	 Tests 1 failed | 230 passed (231)
TS	managed-runtime	merge	exit=1	116s	 Tests 4 failed | 2277 passed (2281)
TS	cli-serve	merge	exit=1	405s	 Tests 2 failed | 229 passed (231)
TS	focused-6files	h2	exit=0	19s	 Tests 375 passed (375)
TS	focused-6files	m2	exit=0	19s	 Tests 375 passed (375)
TS	managed-runtime	m2	exit=1	75s	 Tests 2 failed | 2284 passed (2286)
TS	cli-serve	m2	exit=1	164s	 Tests 1 failed | 232 passed (233)
TS	focused-6files	h3	exit=0	18s	 Tests 378 passed (378)
TS	focused-6files	m3	exit=0	20s	 Tests 378 passed (378)
TS	managed-runtime	m3	exit=1	66s	 Tests 1 failed | 2296 passed (2297)
TS	cli-serve	m3	exit=0	173s	 Tests 233 passed (233)
TS	focused-6files	cand3	exit=0	-	 Tests 381 passed (381)
TS	cli-3files	cand3	exit=0	-	 Tests 232 passed (232)
