RESULT	001-head-sf-r1	head	--session-failover	exit=1	166s	22:51:58
RESULT	001-head-sf-r2	head	--session-failover	exit=1	193s	22:55:12
RESULT	002-head-sf-r3	head	--session-failover	exit=0	123s	22:57:15
RESULT	003-base-sf-r1	base	--session-failover	exit=0	93s	22:58:48
RESULT	004-base-sf-r2	base	--session-failover	exit=0	69s	22:59:58
RESULT	005-base-sf-r3	base	--session-failover	exit=0	62s	23:01:00
RESULT	006-merge-sf-r1	merge	--session-failover	exit=0	53s	23:01:53
RESULT	007-merge-sf-r2	merge	--session-failover	exit=0	42s	23:02:35
RESULT	008-merge-sf-r3	merge	--session-failover	exit=0	53s	23:03:28
RESULT	009-head-rm-r1	head	--model qwen3.8-max	exit=0	40s	23:04:08
RESULT	011-merge-rm-r1	merge	--model qwen3.8-max	exit=0	60s	23:05:08
RESULT	012-head-rm-r2	head	--model qwen3.8-max	exit=1	91s	23:06:41
RESULT	013-merge-rm-r2	merge	--model qwen3.8-max	exit=0	102s	23:08:24
RESULT	014-head-rm-r3	head	--model qwen3.8-max	exit=1	96s	23:10:01
RESULT	015-merge-rm-r3	merge	--model qwen3.8-max	exit=0	109s	23:11:50
RESULT	016-head-rm-r4	head	--model qwen3.8-max	exit=0	93s	23:13:23
RESULT	017-merge-rm-r4	merge	--model qwen3.8-max	exit=1	86s	23:14:49
RESULT	018-head-rm-r5	head	--model qwen3.8-max	exit=1	96s	23:16:25
RESULT	019-merge-rm-r5	merge	--model qwen3.8-max	exit=0	74s	23:17:40
RESULT	020-base-rm-r1	base	--model qwen3.8-max	exit=0	104s	23:19:25
RESULT	021-base-rm-r2	base	--model qwen3.8-max	exit=1	108s	23:21:14
RESULT	022-base-rm-r3	base	--model qwen3.8-max	exit=0	97s	23:22:52
RESULT	023-head-sf-r4	head	--session-failover	exit=0	132s	23:25:08
RESULT	024-base-sf-r4	base	--session-failover	exit=1	200s	23:28:28
RESULT	025-head-sf-r5	head	--session-failover	exit=1	244s	23:32:32
RESULT	026-base-sf-r5	base	--session-failover	exit=1	208s	23:36:00
RESULT	027-head-sf-r6	head	--session-failover	exit=1	189s	23:39:09
RESULT	028-base-sf-r6	base	--session-failover	exit=0	52s	23:40:01
RESULT	029-head-sf-r7	head	--session-failover	exit=1	165s	23:42:46
RESULT	030-base-sf-r7	base	--session-failover	exit=0	87s	23:44:13
RESULT	031-head-sf-r8	head	--session-failover	exit=0	86s	23:45:39
RESULT	032-base-sf-r8	base	--session-failover	exit=0	94s	23:47:13
RESULT	033-head-sf-r9	head	--session-failover	exit=0	46s	00:09:26
RESULT	034-base-sf-r9	base	--session-failover	exit=0	48s	00:10:15
RESULT	035-head-sf-r10	head	--session-failover	exit=0	46s	00:11:01
RESULT	036-base-sf-r10	base	--session-failover	exit=0	33s	00:11:34
RESULT	037-head-sf-r11	head	--session-failover	exit=0	36s	00:12:10
RESULT	038-base-sf-r11	base	--session-failover	exit=0	41s	00:12:51
RESULT	039-head-sf-r12	head	--session-failover	exit=0	35s	00:13:26
RESULT	040-base-sf-r12	base	--session-failover	exit=0	39s	00:14:05
RESULT	041-head-sf-r13	head	--session-failover	exit=0	36s	00:14:41
RESULT	042-base-sf-r13	base	--session-failover	exit=0	34s	00:15:15
RESULT	043-head-sf-r14	head	--session-failover	exit=0	40s	00:15:55
RESULT	044-base-sf-r14	base	--session-failover	exit=0	45s	00:16:41
RESULT	045-head-rm-r6	head	--model qwen3.8-max	exit=0	36s	00:17:17
RESULT	046-head-rm-r7	head	--model qwen3.8-max	exit=0	28s	00:17:45
RESULT	047-head-rm-r8	head	--model qwen3.8-max	exit=0	29s	00:18:14
RESULT	048-head-rm-r9	head	--model qwen3.8-max	exit=0	30s	00:18:44
RESULT	049-base-rm-r4	base	--model qwen3.8-max	exit=0	34s	00:19:18
RESULT	050-base-rm-r5	base	--model qwen3.8-max	exit=0	31s	00:19:49
