M1	sdk=-	unit=1	Tests run: 180, Failures: 1, Errors: 0, Skipped: 0	QwenHostedHarnessConnectorTest.boundCreateConflictLoadsOriginalWorkspaceAndProfileAndReche;
M2	sdk=-	unit=1	Tests run: 180, Failures: 1, Errors: 0, Skipped: 0	QwenHostedHarnessConnectorTest.boundCreateConflictLoadsOriginalWorkspaceAndProfileAndReche;
M3	sdk=-	unit=1	Tests run: 180, Failures: 1, Errors: 0, Skipped: 0	QwenHostedHarnessConnectorTest.boundCreateConflictLoadsOriginalWorkspaceAndProfileAndReche;
M4	sdk=-	unit=1	Tests run: 180, Failures: 1, Errors: 0, Skipped: 0	QwenHostedHarnessConnectorTest.boundCreateConflictLoadsOriginalWorkspaceAndProfileAndReche;
M5	sdk=-	unit=1	Tests run: 180, Failures: 1, Errors: 0, Skipped: 0	QwenHostedHarnessConnectorTest.boundCreateConflictLoadsOriginalWorkspaceAndProfileAndReche;
M6	sdk=-	unit=0	Tests run: 180, Failures: 0, Errors: 0, Skipped: 0	
M7	sdk=-	unit=0	Tests run: 180, Failures: 0, Errors: 0, Skipped: 0	
M8	sdk=-	unit=0	Tests run: 180, Failures: 0, Errors: 0, Skipped: 0	
M9	sdk=-	unit=0	Tests run: 180, Failures: 0, Errors: 0, Skipped: 0	
M10	sdk=-	unit=0	Tests run: 180, Failures: 0, Errors: 0, Skipped: 0	
M11	sdk=-	unit=1	Tests run: 180, Failures: 1, Errors: 0, Skipped: 0	HarnessCoordinatorTest.recoveredBoundTurnFailsBeforeAnyLegacyHarnessCall:75 ;
M12	sdk=-	unit=1	Tests run: 180, Failures: 1, Errors: 0, Skipped: 0	HarnessCoordinatorTest.recoveredBoundTurnFailsBeforeAnyLegacyHarnessCall:73 ;
M13	sdk=-	unit=1	Tests run: 180, Failures: 1, Errors: 0, Skipped: 0	ManagedAgentPropertiesTest.fileAdmissionRequiresTheCompleteTrustedLocalDeployment:32 ;
M14	sdk=-	unit=1	Tests run: 180, Failures: 1, Errors: 0, Skipped: 0	ManagedAgentPropertiesTest.fileAdmissionRequiresTheCompleteTrustedLocalDeployment:32 ;
M15	sdk=-	unit=1	Tests run: 180, Failures: 1, Errors: 0, Skipped: 0	ManagedAgentPropertiesTest.fileAdmissionRequiresTheCompleteTrustedLocalDeployment:32 ;
M16	sdk=-	unit=0	Tests run: 180, Failures: 0, Errors: 0, Skipped: 0	
M17	sdk=1	unit=1	Tests run: 180, Failures: 1, Errors: 0, Skipped: 0	QwenHostedHarnessConnectorTest.boundCreateConflictLoadsOriginalWorkspaceAndProfileAndReche;
M18	sdk=1	unit=1	Tests run: 180, Failures: 1, Errors: 0, Skipped: 0	QwenHostedHarnessConnectorTest.boundCreateConflictLoadsOriginalWorkspaceAndProfileAndReche;
M19	sdk=-	unit=1	Tests run: 180, Failures: 1, Errors: 0, Skipped: 0	ManagedAgentPropertiesTest.fileAdmissionRequiresTheCompleteTrustedLocalDeployment:32 ;
M20	sdk=-	unit=1	Tests run: 180, Failures: 1, Errors: 0, Skipped: 0	ManagedAgentPropertiesTest.fileAdmissionRequiresTheCompleteTrustedLocalDeployment:32 ;
