true	true	chiga0	**Minor (R1-1):** `isEntry` validates modality values as `typeof value
true	true	chiga0	**Minor (R1-2):** The three new environment variable rows (`QWEN_CODE_
true	false	qwen-code-ci-bot	**[Critical]** R1-2: [certifies-falsely] [regression] The catalog moda
true	false	qwen-code-ci-bot	**[Critical]** R1-19: [certifies-falsely] [regression] Unconditional c
true	true	qwen-code-ci-bot	**[Critical]** R1-1: [certifies-falsely] [regression] hasExplicitOutpu
true	false	qwen-code-ci-bot	**[Critical]** R1-18: [certifies-falsely] [regression] The catalog's k
true	false	qwen-code-ci-bot	**[Critical]** R1-4: [certifies-falsely] [new-surface] An HTTP 200 bod
true	false	qwen-code-ci-bot	**[Critical]** R1-32: [certifies-falsely] [new-surface] QWEN_CODE_MODE
true	true	qwen-code-ci-bot	**[Suggestion]** R1-7: The three new env-var rows supply two cells in 
false	false	qwen-code-ci-bot	**[Suggestion]** R1-41: Both design docs delegate ownership of this PR
false	false	qwen-code-ci-bot	**[Suggestion]** R1-6: The models.dev refresh kill-switch is stubbed i
false	false	qwen-code-ci-bot	**[Suggestion]** R1-24: A mid-session invalidateModelCatalog() splits 
true	false	qwen-code-ci-bot	**[Suggestion]** R1-3: The three new QWEN_CODE_MODELS_DEV* kill-switch
false	false	qwen-code-ci-bot	**[Suggestion]** R1-5: R1-43-1: One of eight places where a guard or c
false	false	qwen-code-ci-bot	**[Suggestion]** R1-8: R1-43-2: One of eight places where a guard or c
false	false	qwen-code-ci-bot	**[Suggestion]** R1-9: R1-43-3: One of eight places where a guard or c
false	false	qwen-code-ci-bot	**[Suggestion]** R1-10: R1-43-4: One of eight places where a guard or 
false	false	qwen-code-ci-bot	**[Suggestion]** R1-11: R1-43-5: One of eight places where a guard or 
false	false	qwen-code-ci-bot	**[Suggestion]** R1-12: R1-43-6: One of eight places where a guard or 
false	false	qwen-code-ci-bot	**[Suggestion]** R1-13: R1-43-7: One of eight places where a guard or 
false	false	qwen-code-ci-bot	**[Suggestion]** R1-14: R1-43-8: One of eight places where a guard or 
false	false	qwen-code-ci-bot	**[Suggestion]** R1-30: Replacing `return undefined` with `return from
false	false	qwen-code-ci-bot	**[Suggestion]** R1-12: The 'serves it immediately' assertion only hol
true	true	qwen-code-ci-bot	**[Suggestion]** R1-25: QWEN_CODE_MODELS_DEV_REFRESH=off gates the fet
false	false	qwen-code-ci-bot	**[Suggestion]** R1-20: MODELS_DEV_PROVIDERS admits republishing hubs,
false	false	qwen-code-ci-bot	**[Suggestion]** R1-42: Six committed keys are sourced ONLY from host-
false	true	qwen-code-ci-bot	**[Suggestion]** R1-33: The one global cache is keyed to exactly one s
false	false	qwen-code-ci-bot	**[Suggestion]** R1-31: Both freshness comparisons pit the local wall 
false	false	qwen-code-ci-bot	**[Suggestion]** R1-23: The refresh download has no byte cap and no Co
false	false	qwen-code-ci-bot	**[Suggestion]** R1-11: The 304 path republishes an older build's proj
false	false	qwen-code-ci-bot	**[Suggestion]** R1-22: The HTTP-error path throws without cancelling 
false	true	qwen-code-ci-bot	**[Suggestion]** R1-14: isEntry's modality allowlist is a second untyp
false	false	qwen-code-ci-bot	**[Suggestion]** R1-10: parseModelCatalog's `valid[id] = entry` is a p
false	false	qwen-code-ci-bot	**[Suggestion]** R1-9: The committed snapshot is cast, never validated
false	false	qwen-code-ci-bot	**[Suggestion]** R1-5: The suite-wide catalog-off default decouples 31
false	false	qwen-code-ci-bot	**[Suggestion]** R1-17: The generator never checks response.ok and nev
false	false	qwen-code-ci-bot	**[Suggestion]** R1-15: The runtime refresh replaces the whole served 
false	false	qwen-code-ci-bot	**[Suggestion]** R1-16: `toEntry` turns a positive upstream "text-only
false	false	qwen-code-ci-bot	**[Suggestion]** R1-21: This private helper re-implements the repo's c
true	true	qwen-code-ci-bot	**[Suggestion]** R2-1: This row tells an air-gapped user something the
true	true	qwen-code-ci-bot	**[Suggestion]** R2-2: This row misstates which configuration surfaces
false	false	qwen-code-ci-bot	**[Suggestion]** R2-3: This line is the only thing suppressing a live 
true	false	qwen-code-ci-bot	**[Suggestion]** R2-4: These three new project-scope rejection cases a
true	false	qwen-code-ci-bot	**[Suggestion]** R2-5: Nothing in this file pins that `defaultModaliti
true	false	qwen-code-ci-bot	**[Suggestion]** R2-6: The `?.output !== undefined` narrowing — the on
true	false	qwen-code-ci-bot	**[Suggestion]** R2-7: The only test for the cross-origin cache guard 
true	true	qwen-code-ci-bot	**[Suggestion]** R2-8: This assertion cannot be affected by anything t
true	false	qwen-code-ci-bot	**[Suggestion]** R2-9: This assertion cannot fail for the regression i
true	false	qwen-code-ci-bot	**[Critical]** R3-1: [certifies-falsely] [regression] The committed sn
true	false	qwen-code-ci-bot	**[Critical]** R3-2: [certifies-falsely] [new-surface] `parseModelCata
true	false	qwen-code-ci-bot	**[Suggestion]** R3-3: This `glm-4.7` block is the only witness anywhe
