t_s,ledgers,completed,claimed,collected_bytes,collected_rows,published_rows_retired
0,0,0,0,0,0,7176
1,0,0,0,0,0,7176
2,0,0,0,0,0,7176
3,0,0,0,0,0,7176
5,0,0,0,0,0,7176
6,0,0,0,0,0,7176
7,0,0,0,0,0,7176
8,0,0,0,0,0,7176
9,0,0,0,0,0,7176
11,0,0,0,0,0,7176
12,0,0,0,0,0,7176
13,0,0,0,0,0,7176
14,0,0,0,0,0,7176
15,0,0,0,0,0,7176
16,0,0,0,0,0,7176
17,0,0,0,0,0,7176
19,0,0,0,0,0,7176
20,0,0,0,0,0,7176
21,0,0,0,0,0,7176
22,0,0,0,0,0,7176
23,0,0,0,0,0,7176
24,0,0,0,0,0,7176
25,0,0,0,0,0,7176
27,0,0,0,0,0,7176
28,0,0,0,0,0,7176
29,0,0,0,0,0,7176
30,32,0,2,2500608,200,6976
31,32,2,1,9205760,408,6768
32,32,3,3,18300928,762,6414
33,32,6,0,20723712,924,6252
35,32,7,2,28771328,1278,5898
36,32,9,1,33382400,1486,5690
37,32,10,2,40180736,1740,5436
38,32,12,1,44790784,1948,5228
39,32,14,1,51698688,2256,4920
40,32,15,2,56402944,2510,4666
41,32,17,1,59967488,2718,4458
43,32,18,3,68017152,3072,4104
44,32,21,0,72532992,3234,3942
45,32,22,2,79535104,3588,3588
46,32,24,1,85191680,3796,3380
47,32,25,2,91990016,4050,3126
48,32,27,1,95553536,4258,2918
49,32,28,2,100257792,4512,2664
50,32,30,2,107165696,4820,2356
51,32,32,0,110526464,4928,2248
52,32,32,0,110526464,4928,2248
54,32,32,0,110526464,4928,2248
55,32,32,0,110526464,4928,2248
56,32,32,0,110526464,4928,2248
57,32,32,0,110526464,4928,2248
58,32,32,0,110526464,4928,2248
59,32,32,0,110526464,4928,2248
61,32,32,0,110526464,4928,2248
62,32,32,0,110526464,4928,2248
63,32,32,0,110526464,4928,2248
64,51,32,3,148673536,5160,2016
65,51,35,0,159378432,5277,1899
66,51,35,3,198575104,5509,1667
68,51,38,1,210527232,5726,1450
69,51,40,1,216389632,6034,1142
70,51,41,2,283606016,6152,1024
71,51,43,1,334987264,6202,974
72,51,44,3,352362496,6511,665
74,51,47,0,354786304,6673,503
75,51,47,3,392935424,6905,271
76,51,50,1,406982656,7122,54
77,51,51,0,407092224,7176,0
