RESULT	01-head-sf	head	--session-failover	exit=0	22s	09:17:02
RESULT	02-base-sf	base	--session-failover	exit=0	21s	09:17:28
RESULT	11-head-inflight	head	--inflight-failover	exit=0	26s	09:17:54
RESULT	11-base-inflight	base	--inflight-failover	exit=0	25s	09:18:19
RESULT	12-head-inflight	head	--inflight-failover	exit=0	24s	09:18:43
RESULT	12-base-inflight	base	--inflight-failover	exit=0	25s	09:19:08
RESULT	11-head-continuation	head	--continuation-failover	exit=0	23s	09:19:31
RESULT	11-base-continuation	base	--continuation-failover	exit=0	25s	09:19:56
RESULT	12-head-continuation	head	--continuation-failover	exit=0	27s	09:20:23
RESULT	12-base-continuation	base	--continuation-failover	exit=0	24s	09:20:47
RESULT	03-head-sf-r2	head	--session-failover	exit=0	23s	09:21:10
